{
  "total_tests": 485,
  "estimated_ci_runtime_seconds": 48.8255033557047,
  "estimated_ci_runtime_minutes": 0.8137583892617449,
  "target_seconds": 300,
  "margin_seconds": 251.1744966442953,
  "estimation_timestamp": 1751079409.535167
}