{
  "total_tests": 463,
  "active_tests": 149,
  "deferred_tests": 314,
  "estimated_total_runtime_seconds": 53.400000000000006,
  "estimated_total_runtime_minutes": 0.8900000000000001,
  "target_seconds": 300,
  "margin_seconds": 246.6,
  "optimization_timestamp": 1749884365.275035,
  "cli_phase": "CLI140k.4"
}